"","load(""/home/ajax/Documents/MVP/Codes/Russell_financials_All.RData"")"
"1","XXIA.f"
"2","GCI.f"
"3","FFIC.f"
"4","MPW.f"
"5","DMRC.f"
"6","RIGL.f"
"7","FELE.f"
"8","SRG.f"
"9","CROX.f"
"10","RLGT.f"
"11","PETX.f"
"12","IXYS.f"
"13","OGS.f"
"14","ALG.f"
"15","LAD.f"
"16","ABAX.f"
"17","UNFI.f"
"18","AGRX.f"
"19","WINA.f"
"20","MACK.f"
"21","FISI.f"
"22","FPI.f"
"23","ANCX.f"
"24","YRCW.f"
"25","PRAA.f"
"26","TEN.f"
"27","BRS.f"
"28","PGEM.f"
"29","CDXC.f"
"30","LYTS.f"
"31","PHH.f"
"32","RAVN.f"
"33","RH.f"
"34","BNCN.f"
"35","LANC.f"
"36","ORA.f"
"37","PSMT.f"
"38","DORM.f"
"39","KMT.f"
"40","KND.f"
"41","TTEC.f"
"42","LMOS.f"
"43","TERP.f"
"44","CSH.f"
"45","AXLL.f"
"46","FSP.f"
"47","GCP.f"
"48","ANGO.f"
"49","FMI.f"
"50","VTVT.f"
"51","MDP.f"
"52","ACET.f"
"53","EVR.f"
"54","BCRH.f"
"55","KWR.f"
"56","ROIC.f"
"57","NX.f"
"58","SIGI.f"
"59","OAS.f"
"60","KKD.f"
"61","AROC.f"
"62","SALM.f"
"63","TSC.f"
"64","TRS.f"
"65","IMDZ.f"
"66","ACOR.f"
"67","TRUE.f"
"68","PRAH.f"
"69","CBZ.f"
"70","FARM.f"
"71","PBH.f"
"72","SBSI.f"
"73","LDR.f"
"74","LOCO.f"
"75","PLPM.f"
"76","NCMI.f"
"77","POWL.f"
"78","BWLD.f"
"79","RLI.f"
"80","AIN.f"
"81","HZNP.f"
"82","HAE.f"
"83","DCO.f"
"84","MXL.f"
"85","TPC.f"
"86","OTIC.f"
"87","RATE.f"
"88","ZUMZ.f"
"89","DIOD.f"
"90","APEI.f"
"91","USAK.f"
"92","NBTB.f"
"93","SALT.f"
"94","GNE.f"
"95","LFUS.f"
"96","KERX.f"
"97","SAFM.f"
"98","WSR.f"
"99","CIX.f"
"100","BZH.f"
"101","WMK.f"
"102","DGAS.f"
"103","CENX.f"
"104","CARB.f"
"105","APOG.f"
"106","WAGE.f"
"107","EXPR.f"
"108","SF.f"
"109","AMBA.f"
"110","BGC.f"
"111","BFS.f"
"112","DENN.f"
"113","RUTH.f"
"114","KITE.f"
"115","RRGB.f"
"116","EBTC.f"
"117","UMH.f"
"118","KELYA.f"
"119","TIPT.f"
"120","TMHC.f"
"121","GOGO.f"
"122","CSV.f"
"123","CMO.f"
"124","SHAK.f"
"125","CCBG.f"
"126","TIS.f"
"127","REXI.f"
"128","LWAY.f"
"129","QNST.f"
"130","INO.f"
"131","CATY.f"
"132","SPSC.f"
"133","BDC.f"
"134","LOGM.f"
"135","TKAI.f"
"136","MENT.f"
"137","UVV.f"
"138","TTOO.f"
"139","MYRG.f"
"140","NSA.f"
"141","GTS.f"
"142","SASR.f"
"143","WSTC.f"
"144","HSNI.f"
"145","CMPR.f"
"146","GNL.f"
"147","SUPN.f"
"148","TSQ.f"
"149","HLIT.f"
"150","SAFT.f"
"151","FCFP.f"
"152","QLGC.f"
"153","UCFC.f"
"154","WTI.f"
"155","OPHT.f"
"156","SWC.f"
"157","LXU.f"
"158","HURC.f"
"159","LRN.f"
"160","FDP.f"
"161","MCBC.f"
"162","BCOV.f"
"163","FDML.f"
"164","SBGI.f"
"165","MPAA.f"
"166","NTCT.f"
"167","GRC.f"
"168","RBCAA.f"
"169","FFWM.f"
"170","RGEN.f"
"171","ELLI.f"
"172","ACTG.f"
"173","UFPI.f"
"174","PACB.f"
"175","SNHY.f"
"176","DWRE.f"
"177","IOSP.f"
"178","PLT.f"
"179","STC.f"
"180","TCS.f"
"181","WD.f"
"182","COKE.f"
"183","CHMG.f"
"184","BMRC.f"
"185","RDNT.f"
"186","EDR.f"
"187","BBOX.f"
"188","BLUE.f"
"189","ESTE.f"
"190","CWT.f"
"191","GHL.f"
"192","B.f"
"193","CTBI.f"
"194","MGLN.f"
"195","STMP.f"
"196","OSIS.f"
"197","GOOD.f"
"198","KOP.f"
"199","ARTNA.f"
"200","MEET.f"
"201","CTRN.f"
"202","VRTV.f"
"203","UNF.f"
"204","HIFS.f"
"205","CTT.f"
"206","IMKTA.f"
"207","WWW.f"
"208","FUL.f"
"209","ANIK.f"
"210","SNOW.f"
"211","NATR.f"
"212","SHBI.f"
"213","FOE.f"
"214","NKSH.f"
"215","RTEC.f"
"216","BREW.f"
"217","WK.f"
"218","Ticker"
"219","WDR.f"
"220","WEB.f"
"221","MJCO.f"
"222","SNC.f"
"223","BKH.f"
"224","CHGG.f"
"225","CACB.f"
"226","EXAR.f"
"227","DF.f"
"228","DNR.f"
"229","NTGR.f"
"230","GVA.f"
"231","SRPT.f"
"232","MLAB.f"
"233","DBD.f"
"234","MWA.f"
"235","BOOM.f"
"236","WERN.f"
"237","I.f"
"238","WTW.f"
"239","GBL.f"
"240","CPLA.f"
"241","ENTA.f"
"242","AMOT.f"
"243","NVEE.f"
"244","IRT.f"
"245","JBT.f"
"246","SGBK.f"
"247","SPWH.f"
"248","MCHX.f"
"249","UFAB.f"
"250","STNG.f"
"251","WABC.f"
"252","DLTH.f"
"253","CECO.f"
"254","TK.f"
"255","ARA.f"
"256","EGBN.f"
"257","INSY.f"
"258","ALEX.f"
"259","AF.f"
"260","RGLS.f"
"261","NPO.f"
"262","XCRA.f"
"263","WTBA.f"
"264","GES.f"
"265","PTI.f"
"266","CSII.f"
"267","FOSL.f"
"268","CBF.f"
"269","SCHL.f"
"270","CLDT.f"
"271","BJRI.f"
"272","XENT.f"
"273","HUBS.f"
"274","ECHO.f"
"275","SSNI.f"
"276","CACI.f"
"277","YORW.f"
"278","KMG.f"
"279","RDN.f"
"280","ICON.f"
"281","ITRI.f"
"282","CFNB.f"
"283","BOOT.f"
"284","JOY.f"
"285","ACRE.f"
"286","ITEK.f"
"287","MOG.A.f"
"288","CWCO.f"
"289","ATNI.f"
"290","AXDX.f"
"291","WSBC.f"
"292","SWX.f"
"293","MDC.f"
"294","LTC.f"
"295","MCS.f"
"296","TR.f"
"297","FRPT.f"
"298","NK.f"
"299","EIG.f"
"300","OUTR.f"
"301","CHDN.f"
"302","HOV.f"
"303","SONC.f"
"304","UNT.f"
"305","GLBL.f"
"306","ZFGN.f"
"307","CWST.f"
"308","TBNK.f"
"309","GNRT.f"
"310","FFKT.f"
"311","BRSS.f"
"312","TIER.f"
"313","MTH.f"
"314","IVR.f"
"315","BYD.f"
"316","DTLK.f"
"317","CBM.f"
"318","ACHN.f"
"319","NXRT.f"
"320","ESE.f"
"321","ECOM.f"
"322","ALCO.f"
"323","WEYS.f"
"324","W.f"
"325","EPAM.f"
"326","CRR.f"
"327","WVE.f"
"328","ANGI.f"
"329","MPX.f"
"330","MTRX.f"
"331","CLNY.f"
"332","TAX.f"
"333","EPE.f"
"334","PEB.f"
"335","HVT.f"
"336","TXRH.f"
"337","OB.f"
"338","NR.f"
"339","SSRG.f"
"340","VSLR.f"
"341","AT.f"
"342","TTGT.f"
"343","UHT.f"
"344","CVI.f"
"345","MRLN.f"
"346","COR.f"
"347","NAVG.f"
"348","FCEL.f"
"349","DTSI.f"
"350","AMNB.f"
"351","SNX.f"
"352","ESL.f"
"353","MITT.f"
"354","EME.f"
"355","GBNK.f"
"356","TMST.f"
"357","LDL.f"
"358","PLOW.f"
"359","PFBI.f"
"360","AAOI.f"
"361","CNCE.f"
"362","GKOS.f"
"363","UCTT.f"
"364","TCBI.f"
"365","MNRO.f"
"366","TOWN.f"
"367","WBMD.f"
"368","MXWL.f"
"369","CRY.f"
"370","NLNK.f"
"371","CSTE.f"
"372","KONA.f"
"373","ACRS.f"
"374","IPHS.f"
"375","LPCN.f"
"376","SFLY.f"
"377","MBTF.f"
"378","PEI.f"
"379","GIII.f"
"380","COBZ.f"
"381","HR.f"
"382","FRED.f"
"383","ESSA.f"
"384","FNGN.f"
"385","ORBC.f"
"386","PRMW.f"
"387","GNMK.f"
"388","VYGR.f"
"389","LION.f"
"390","TBBK.f"
"391","ITCI.f"
"392","CIR.f"
"393","TRNO.f"
"394","STRS.f"
"395","FCS.f"
"396","MBWM.f"
"397","IBCP.f"
"398","ZGNX.f"
"399","VPG.f"
"400","RP.f"
"401","ROIAK.f"
"402","CAKE.f"
"403","RLJ.f"
"404","KNL.f"
"405","LJPC.f"
"406","TTEK.f"
"407","ELRC.f"
"408","NAV.f"
"409","GDEN.f"
"410","OFLX.f"
"411","ACLS.f"
"412","ROVI.f"
"413","IPCC.f"
"414","AZPN.f"
"415","VG.f"
"416","IRMD.f"
"417","JMBA.f"
"418","CHFC.f"
"419","EDE.f"
"420","HY.f"
"421","ALGT.f"
"422","MDXG.f"
"423","UMPQ.f"
"424","MNOV.f"
"425","SENEA.f"
"426","OFIX.f"
"427","EROS.f"
"428","MHO.f"
"429","VCRA.f"
"430","PTLA.f"
"431","SWFT.f"
"432","CRAI.f"
"433","PICO.f"
"434","PRXL.f"
"435","FRBK.f"
"436","NEWR.f"
"437","TESO.f"
"438","DNOW.f"
"439","ZEUS.f"
"440","ACTA.f"
"441","MGNX.f"
"442","MCRB.f"
"443","CGI.f"
"444","EXA.f"
"445","WKHS.f"
"446","CVBF.f"
"447","GBLI.f"
"448","ROCK.f"
"449","KEYW.f"
"450","ININ.f"
"451","GTT.f"
"452","JOE.f"
"453","SAGE.f"
"454","WNC.f"
"455","WMS.f"
"456","WGL.f"
"457","SN.f"
"458","BNED.f"
"459","BGFV.f"
"460","RSO.f"
"461","HCKT.f"
"462","MG.f"
"463","OLP.f"
"464","FNLC.f"
"465","BBSI.f"
"466","ARRY.f"
"467","INFN.f"
"468","HWAY.f"
"469","TLRD.f"
"470","TWI.f"
"471","SYKE.f"
"472","GEF.f"
"473","FLXN.f"
"474","NATL.f"
"475","CPHD.f"
"476","MCRI.f"
"477","CAI.f"
"478","VTL.f"
"479","ERA.f"
"480","VIVO.f"
"481","PN.f"
"482","HQY.f"
"483","DERM.f"
"484","AGM.f"
"485","DAN.f"
"486","TTI.f"
"487","NBHC.f"
"488","GHM.f"
"489","DGII.f"
"490","CFFN.f"
"491","CLNE.f"
"492","FBIZ.f"
"493","MCF.f"
"494","BDGE.f"
"495","APPF.f"
"496",".Random.seed"
"497","BHB.f"
"498","AWR.f"
"499","GMED.f"
"500","MN.f"
"501","PMBC.f"
"502","GBCI.f"
"503","PRSC.f"
"504","RDEN.f"
"505","PDVW.f"
"506","GRIF.f"
"507","IBOC.f"
"508","LAYN.f"
"509","UFCS.f"
"510","NGVC.f"
"511","ASTE.f"
"512","IBP.f"
"513","HFWA.f"
"514","RDUS.f"
"515","HLI.f"
"516","EXAS.f"
"517","HTLF.f"
"518","NSP.f"
"519","DOC.f"
"520","CW.f"
"521","RPXC.f"
"522","MNKD.f"
"523","AMPE.f"
"524","CASH.f"
"525","JIVE.f"
"526","CRUS.f"
"527","NTRA.f"
"528","OMN.f"
"529","VASC.f"
"530","SHOO.f"
"531","RUBI.f"
"532","DEL.f"
"533","SRNE.f"
"534","UTMD.f"
"535","AGEN.f"
"536","BRG.f"
"537","TRMK.f"
"538","MFLX.f"
"539","RWT.f"
"540","WDFC.f"
"541","HMTV.f"
"542","AERI.f"
"543","SAM.f"
"544","ASGN.f"
"545","KFRC.f"
"546","KE.f"
"547","BPMC.f"
"548","KIRK.f"
"549","AAT.f"
"550","JAKK.f"
"551","ACXM.f"
"552","BSFT.f"
"553","CFMS.f"
"554","IMMU.f"
"555","SAAS.f"
"556","VCYT.f"
"557","GBT.f"
"558","IMGN.f"
"559","SXI.f"
"560","ABTX.f"
"561","CVLY.f"
"562","CALX.f"
"563","ARI.f"
"564","NL.f"
"565","PETS.f"
"566","NCOM.f"
"567","ONE.f"
"568","STBA.f"
"569","AKR.f"
"570","NTLA.f"
"571","NWN.f"
"572","PSIX.f"
"573","HCI.f"
"574","PRTA.f"
"575","ITIC.f"
"576","ATRA.f"
"577","CIE.f"
"578","ISRL.f"
"579","CORR.f"
"580","TDY.f"
"581","ISLE.f"
"582","WLH.f"
"583","MTOR.f"
"584","SNR.f"
"585","EGLT.f"
"586","FCF.f"
"587","AOI.f"
"588","CACQ.f"
"589","OVAS.f"
"590","PFBC.f"
"591","EE.f"
"592","JONE.f"
"593","XNPT.f"
"594","AVAV.f"
"595","ANTH.f"
"596","ESNT.f"
"597","GPI.f"
"598","CRS.f"
"599","SAIA.f"
"600","MTSI.f"
"601","SRI.f"
"602","TBI.f"
"603","WRLD.f"
"604","BIG.f"
"605","CHEF.f"
"606","CRIS.f"
"607","HL.f"
"608","CUZ.f"
"609","DRII.f"
"610","LNCE.f"
"611","AXON.f"
"612","HIBB.f"
"613","KVHI.f"
"614","CBU.f"
"615","SUP.f"
"616","PFNX.f"
"617","CVCY.f"
"618","ORC.f"
"619","BPTH.f"
"620","CUNB.f"
"621","KS.f"
"622","LC.f"
"623","HMN.f"
"624","AVID.f"
"625","BIOS.f"
"626","FRAN.f"
"627","SPAR.f"
"628","TIVO.f"
"629","HAWK.f"
"630","WMAR.f"
"631","MWW.f"
"632","OXFD.f"
"633","GNCMA.f"
"634","BLCM.f"
"635","CMC.f"
"636","OCFC.f"
"637","CATM.f"
"638","ISIL.f"
"639","LUB.f"
"640","MDR.f"
"641","LAWS.f"
"642","CYNO.f"
"643","GCBC.f"
"644","VSH.f"
"645","SQBG.f"
"646","EPM.f"
"647","VA.f"
"648","BBW.f"
"649","CNMD.f"
"650","NCIT.f"
"651","AFI.f"
"652","SBCF.f"
"653","VIAV.f"
"654","DLX.f"
"655","NRE.f"
"656","MOFG.f"
"657","TSE.f"
"658","MTW.f"
"659","AGFS.f"
"660","ATRO.f"
"661","TLN.f"
"662","SGMO.f"
"663","CRZO.f"
"664","STRT.f"
"665","TECD.f"
"666","FARO.f"
"667","ROLL.f"
"668","IDTI.f"
"669","RYI.f"
"670","QTWO.f"
"671","RRR.f"
"672","FC.f"
"673","ABY.f"
"674","WWD.f"
"675","SYN.f"
"676","TYPE.f"
"677","FNB.f"
"678","PRO.f"
"679","ATHX.f"
"680","MEI.f"
"681","AIMT.f"
"682","CVGW.f"
"683","LOB.f"
"684","IHC.f"
"685","HIVE.f"
"686","EMKR.f"
"687","QLYS.f"
"688","CC.f"
"689","EZPW.f"
"690","GTN.f"
"691","LNDC.f"
"692","UIS.f"
"693","CEVA.f"
"694","CMCO.f"
"695","WIBC.f"
"696","ATLO.f"
"697","CHUY.f"
"698","RSPP.f"
"699","MMSI.f"
"700","LXP.f"
"701","NVCR.f"
"702","CDXS.f"
"703","MBI.f"
"704","PHX.f"
"705","HTS.f"
"706","SBY.f"
"707","LQ.f"
"708","NEWS.f"
"709","GALE.f"
"710","BLKB.f"
"711","MYE.f"
"712","COWN.f"
"713","PDCE.f"
"714","CAC.f"
"715","SCMP.f"
"716","BCRX.f"
"717","JBSS.f"
"718","BGCP.f"
"719","USAT.f"
"720","ABCO.f"
"721","LTRPA.f"
"722","CCRN.f"
"723","NMIH.f"
"724","LCUT.f"
"725","TBPH.f"
"726","GDOT.f"
"727","RLYP.f"
"728","FLTX.f"
"729","SVU.f"
"730","JAX.f"
"731","MPSX.f"
"732","CALD.f"
"733","GIMO.f"
"734","PCH.f"
"735","INSM.f"
"736","GLNG.f"
"737","HMPR.f"
"738","AEGN.f"
"739","LABL.f"
"740","MATW.f"
"741","CUBI.f"
"742","EPIQ.f"
"743","PEGA.f"
"744","CTO.f"
"745","BLDR.f"
"746","XTLY.f"
"747","ACNB.f"
"748","CSOD.f"
"749","FMBH.f"
"750","REXR.f"
"751","CHSP.f"
"752","SMRT.f"
"753","EXTR.f"
"754","HMSY.f"
"755","SCAI.f"
"756","GSOL.f"
"757","HUBG.f"
"758","TTPH.f"
"759","EXAM.f"
"760","ADTN.f"
"761","PEIX.f"
"762","NRZ.f"
"763","ICUI.f"
"764","NLS.f"
"765","SLCA.f"
"766","WFBI.f"
"767","PGTI.f"
"768","IIVI.f"
"769","SGNT.f"
"770","PDFS.f"
"771","TNC.f"
"772","CKH.f"
"773","CVRS.f"
"774","GNBC.f"
"775","CONN.f"
"776","PFPT.f"
"777","BGS.f"
"778","FRPH.f"
"779","RARE.f"
"780","SWHC.f"
"781","INST.f"
"782","HTBI.f"
"783","EMCI.f"
"784","SEAS.f"
"785","CNO.f"
"786","GEN.f"
"787","AMSF.f"
"788","MDCA.f"
"789","CORE.f"
"790","STL.f"
"791","LBIO.f"
"792","AZZ.f"
"793","HYH.f"
"794","LPG.f"
"795","ERI.f"
"796","SSTK.f"
"797","EPZM.f"
"798","INWK.f"
"799","GLRE.f"
"800","LCI.f"
"801","PLNT.f"
"802","VICR.f"
"803","AAN.f"
"804","RDI.f"
"805","SYNT.f"
"806","PRIM.f"
"807","ICBK.f"
"808","BTX.f"
"809","WNR.f"
"810","IESC.f"
"811","SXC.f"
"812","TAL.f"
"813","TGTX.f"
"814","UIHC.f"
"815","LSCC.f"
"816","ARC.f"
"817","ONVO.f"
"818","RNG.f"
"819","DGICA.f"
"820","ARNA.f"
"821","MSBI.f"
"822","HAYN.f"
"823","IMPV.f"
"824","UBA.f"
"825","NCS.f"
"826","CBMG.f"
"827","AXAS.f"
"828","RESI.f"
"829","SNCR.f"
"830","WLB.f"
"831","BATRK.f"
"832","PMT.f"
"833","CSCD.f"
"834","FBP.f"
"835","GLYC.f"
"836","SCHN.f"
"837","SPNC.f"
"838","BSTC.f"
"839","EFII.f"
"840","CPXX.f"
"841","DHT.f"
"842","NNA.f"
"843","LMNX.f"
"844","HSII.f"
"845","FIVE.f"
"846","AMWD.f"
"847","AQMS.f"
"848","BANC.f"
"849","CLF.f"
"850","NYRT.f"
"851","THRM.f"
"852","MTSC.f"
"853","OMCL.f"
"854","PJT.f"
"855","PKD.f"
"856","FFG.f"
"857","COHU.f"
"858","NTRI.f"
"859","STAR.f"
"860","ADXS.f"
"861","AKS.f"
"862","HF.f"
"863","AEL.f"
"864","SGYP.f"
"865","IPXL.f"
"866","LCNB.f"
"867","GHDX.f"
"868","SGRY.f"
"869","PRFT.f"
"870","ICFI.f"
"871","MMS.f"
"872","MDCO.f"
"873","PUB.f"
"874","TRNC.f"
"875","PNK.f"
"876","ACBI.f"
"877","COLL.f"
"878","RELY.f"
"879","IART.f"
"880","AVA.f"
"881","PSTG.f"
"882","AVNU.f"
"883","RAIL.f"
"884","HLX.f"
"885","ADUS.f"
"886","AHS.f"
"887","MSFG.f"
"888","KFY.f"
"889","YDKN.f"
"890","SYBT.f"
"891","LMCA.f"
"892","SCSC.f"
"893","JCOM.f"
"894","THFF.f"
"895","NDLS.f"
"896","AVXS.f"
"897","CAMP.f"
"898","FSAM.f"
"899","ALJ.f"
"900","CRCM.f"
"901","TISI.f"
"902","RTRX.f"
"903","LPSN.f"
"904","ATRI.f"
"905","WASH.f"
"906","BSF.f"
"907","APTS.f"
"908","CLFD.f"
"909","VVI.f"
"910","FCN.f"
"911","REGI.f"
"912","OSBC.f"
"913","LOCK.f"
"914","DRRX.f"
"915","HBNC.f"
"916","TCBK.f"
"917","ARDX.f"
"918","MYGN.f"
"919","EHTH.f"
"920","FMNB.f"
"921","KAI.f"
"922","FSS.f"
"923","WPG.f"
"924","PRI.f"
"925","ECYT.f"
"926","EDIT.f"
"927","TREC.f"
"928","VSI.f"
"929","PWOD.f"
"930","BBX.f"
"931","CNSL.f"
"932","ABCB.f"
"933","EQBK.f"
"934","HT.f"
"935","LTXB.f"
"936","SONS.f"
"937","INBK.f"
"938","CPK.f"
"939","MGRC.f"
"940","MTX.f"
"941","CENT.f"
"942","MGEE.f"
"943","SPA.f"
"944","NXST.f"
"945","TNDM.f"
"946","CTWS.f"
"947","GPX.f"
"948","NEWM.f"
"949","AXSM.f"
"950","CTB.f"
"951","OCLR.f"
"952","NVTA.f"
"953","HBHC.f"
"954","WWE.f"
"955","RTIX.f"
"956","HRTG.f"
"957","BRKL.f"
"958","CHRS.f"
"959","NRIM.f"
"960","FGL.f"
"961","XOXO.f"
"962","PKY.f"
"963","AMED.f"
"964","FLDM.f"
"965","BCO.f"
"966","VLY.f"
"967","PB.f"
"968","ALX.f"
"969","PAYC.f"
"970","DSW.f"
"971","TPRE.f"
"972","DGI.f"
"973","PLAB.f"
"974","EBIX.f"
"975","SAMG.f"
"976","ASCMA.f"
"977","NEO.f"
"978","ATSG.f"
"979","AMSWA.f"
"980","MOH.f"
"981","RMBS.f"
"982","IRWD.f"
"983","PZZA.f"
"984","APIC.f"
"985","BCOR.f"
"986","IDT.f"
"987","QDEL.f"
"988","GEOS.f"
"989","MB.f"
"990","PERY.f"
"991","BWFG.f"
"992","INFI.f"
"993","AKBA.f"
"994","AMRI.f"
"995","BKMU.f"
"996","BRKS.f"
"997","PSG.f"
"998","WLFC.f"
"999","AMKR.f"
"1000","GWRS.f"
"1001","OPB.f"
"1002","INVN.f"
"1003","SGA.f"
"1004","IDRA.f"
"1005","RGNX.f"
"1006","TITN.f"
"1007","FCFS.f"
"1008","BECN.f"
"1009","CFFI.f"
"1010","PMTS.f"
"1011","HNNA.f"
"1012","STML.f"
"1013","GPRE.f"
"1014","SP.f"
"1015","KTOS.f"
"1016","FR.f"
"1017","GB.f"
"1018","CMTL.f"
"1019","UNB.f"
"1020","NSTG.f"
"1021","HEOP.f"
"1022","LITE.f"
"1023","KALU.f"
"1024","FMBI.f"
"1025","XLRN.f"
"1026","FBC.f"
"1027","WG.f"
"1028","TREX.f"
"1029","AFAM.f"
"1030","HCOM.f"
"1031","ANF.f"
"1032","RNST.f"
"1033","VLGEA.f"
"1034","VSAR.f"
"1035","WTS.f"
"1036","TASR.f"
"1037","WATT.f"
"1038","MOV.f"
"1039","CDR.f"
"1040","COTV.f"
"1041","TROV.f"
"1042","SWM.f"
"1043","ABTL.f"
"1044","BNK.f"
"1045","AMBR.f"
"1046","ENS.f"
"1047","TG.f"
"1048","RNWK.f"
"1049","OMI.f"
"1050","CRAY.f"
"1051","TTMI.f"
"1052","IRDM.f"
"1053","PEGI.f"
"1054","NPK.f"
"1055","ZLTQ.f"
"1056","WIFI.f"
"1057","MYCC.f"
"1058","GEO.f"
"1059","FBNC.f"
"1060","CBB.f"
"1061","HAFC.f"
"1062","III.f"
"1063","SBRA.f"
"1064","SAH.f"
"1065","PVTB.f"
"1066","NSR.f"
"1067","HMHC.f"
"1068","NWHM.f"
"1069","LMNR.f"
"1070","TNK.f"
"1071","FRO.f"
"1072","RILY.f"
"1073","LMAT.f"
"1074","CVLT.f"
"1075","UVSP.f"
"1076","LORL.f"
"1077","PLXS.f"
"1078","ENZ.f"
"1079","INTL.f"
"1080","EXEL.f"
"1081","AI.f"
"1082","INGN.f"
"1083","TILE.f"
"1084","GFF.f"
"1085","RCII.f"
"1086","QSII.f"
"1087","BOFI.f"
"1088","OSTK.f"
"1089","TRST.f"
"1090","EVDY.f"
"1091","CEMP.f"
"1092","USPH.f"
"1093","NVAX.f"
"1094","STRA.f"
"1095","SMTC.f"
"1096","PLUS.f"
"1097","FRGI.f"
"1098","FDEF.f"
"1099","SKYW.f"
"1100","FGEN.f"
"1101","FFNW.f"
"1102","BHLB.f"
"1103","QHC.f"
"1104","WSBF.f"
"1105","CSFL.f"
"1106","CRVL.f"
"1107","EGOV.f"
"1108","EVH.f"
"1109","PKE.f"
"1110","KTWO.f"
"1111","REIS.f"
"1112","UE.f"
"1113","EBS.f"
"1114","PENN.f"
"1115","AP.f"
"1116","IQNT.f"
"1117","OCUL.f"
"1118","GLT.f"
"1119","VALU.f"
"1120","NJR.f"
"1121","ANDE.f"
"1122","ATRC.f"
"1123","ACIA.f"
"1124","BHBK.f"
"1125","CORT.f"
"1126","RETA.f"
"1127","COLM.f"
"1128","FCH.f"
"1129","WAFD.f"
"1130","MINI.f"
"1131","RUSHA.f"
"1132","PLPC.f"
"1133","KN.f"
"1134","AHT.f"
"1135","DW.f"
"1136","ODP.f"
"1137","MSEX.f"
"1138","GWB.f"
"1139","ABM.f"
"1140","PLCE.f"
"1141","NNI.f"
"1142","CFNL.f"
"1143","CPSI.f"
"1144","SAIC.f"
"1145","PGNX.f"
"1146","CVTI.f"
"1147","THR.f"
"1148","CRVS.f"
"1149","TBK.f"
"1150","WBS.f"
"1151","ARR.f"
"1152","SEM.f"
"1153","HPP.f"
"1154","UVE.f"
"1155","KPTI.f"
"1156","AGYS.f"
"1157","EIGI.f"
"1158","CPE.f"
"1159","PCTY.f"
"1160","UBNK.f"
"1161","HDNG.f"
"1162","HZN.f"
"1163","AMAG.f"
"1164","DSPG.f"
"1165","ECPG.f"
"1166","FOGO.f"
"1167","TUBE.f"
"1168","POWI.f"
"1169","UNVR.f"
"1170","DWA.f"
"1171","LE.f"
"1172","SEMG.f"
"1173","CMRX.f"
"1174","CYS.f"
"1175","NHI.f"
"1176","PODD.f"
"1177","WETF.f"
"1178","BANR.f"
"1179","FTD.f"
"1180","HOMB.f"
"1181","FFIN.f"
"1182","CATO.f"
"1183","FICO.f"
"1184","MED.f"
"1185","WAIR.f"
"1186","DPLO.f"
"1187","AEPI.f"
"1188","INVA.f"
"1189","CCXI.f"
"1190","SIGM.f"
"1191","AGTC.f"
"1192","ARAY.f"
"1193","PRGS.f"
"1194","ELGX.f"
"1195","TLMR.f"
"1196","MNR.f"
"1197","XCO.f"
"1198","SNDX.f"
"1199","EDGE.f"
"1200","EXPO.f"
"1201","AVP.f"
"1202","CUTR.f"
"1203","UEIC.f"
"1204","PCBK.f"
"1205","SMBC.f"
"1206","LL.f"
"1207","AIR.f"
"1208","GRUB.f"
"1209","REV.f"
"1210","CIVI.f"
"1211","CSS.f"
"1212","FLWS.f"
"1213","FTK.f"
"1214","PCYG.f"
"1215","AMRC.f"
"1216","UCBI.f"
"1217","SSI.f"
"1218","HTWR.f"
"1219","PES.f"
"1220","SFNC.f"
"1221","RVNC.f"
"1222","TUES.f"
"1223","NGHC.f"
"1224","IL.f"
"1225","RPD.f"
"1226","HSTM.f"
"1227","RYAM.f"
"1228","GLDD.f"
"1229","HDP.f"
"1230","BLMT.f"
"1231","SYNA.f"
"1232","NMBL.f"
"1233","WINS.f"
"1234","EVTC.f"
"1235","CPS.f"
"1236","JACK.f"
"1237","SRCE.f"
"1238","LIOX.f"
"1239","TRUP.f"
"1240","CDE.f"
"1241","DFRG.f"
"1242","FBIO.f"
"1243","ACCO.f"
"1244","XBIT.f"
"1245","PBYI.f"
"1246","ETM.f"
"1247","BCPC.f"
"1248","BGG.f"
"1249","SIR.f"
"1250","VIRT.f"
"1251","OLED.f"
"1252","MC.f"
"1253","CCOI.f"
"1254","KBH.f"
"1255","NATH.f"
"1256","CERS.f"
"1257","RSTI.f"
"1258","MLI.f"
"1259","UTEK.f"
"1260","VNDA.f"
"1261","SCNB.f"
"1262","MFRM.f"
"1263","SSP.f"
"1264","FOLD.f"
"1265","SFR.f"
"1266","HMST.f"
"1267","PBPB.f"
"1268","FULT.f"
"1269","VAC.f"
"1270","LFVN.f"
"1271","LQDT.f"
"1272","HEES.f"
"1273","BOBE.f"
"1274","ENSG.f"
"1275","AMIC.f"
"1276","WGO.f"
"1277","CECE.f"
"1278","MSTR.f"
"1279","MTDR.f"
"1280","LSBG.f"
"1281","MBRG.f"
"1282","SJI.f"
"1283","NMRX.f"
"1284","JRVR.f"
"1285","VSEC.f"
"1286","VRTS.f"
"1287","MYOK.f"
"1288","ESPR.f"
"1289","DEA.f"
"1290","GNRC.f"
"1291","GRBK.f"
"1292","CAL.f"
"1293","BABY.f"
"1294","FORR.f"
"1295","FLKS.f"
"1296","BKE.f"
"1297","SMP.f"
"1298","SGI.f"
"1299","OLBK.f"
"1300","OIS.f"
"1301","FCNCA.f"
"1302","SHLD.f"
"1303","GNW.f"
"1304","BBCN.f"
"1305","PGND.f"
"1306","DXLG.f"
"1307","MPG.f"
"1308","TRVN.f"
"1309","NUTR.f"
"1310","PTSI.f"
"1311","HURN.f"
"1312","FLIC.f"
"1313","OLLI.f"
"1314","AXE.f"
"1315","AMCC.f"
"1316","BHE.f"
"1317","CALM.f"
"1318","ENT.f"
"1319","CHCT.f"
"1320","RMR.f"
"1321","SENS.f"
"1322","EBF.f"
"1323","AC.f"
"1324","HTBK.f"
"1325","ONCE.f"
"1326","MODN.f"
"1327","VRNS.f"
"1328","UFPT.f"
"1329","TVPT.f"
"1330","MGPI.f"
"1331","NANO.f"
"1332","DCOM.f"
"1333","BRC.f"
"1334","GTLS.f"
"1335","MBUU.f"
"1336","SMMF.f"
"1337","ATU.f"
"1338","ASNA.f"
"1339","CNTY.f"
"1340","OKSB.f"
"1341","ZEN.f"
"1342","HSC.f"
"1343","CNOB.f"
"1344","GORO.f"
"1345","AVGR.f"
"1346","ODC.f"
"1347","BPFH.f"
"1348","PROV.f"
"1349","SANM.f"
"1350","GIG.f"
"1351","ESGR.f"
"1352","JJSF.f"
"1353","FRP.f"
"1354","AMPH.f"
"1355","FFBC.f"
"1356","MTRN.f"
"1357","HABT.f"
"1358","QUOT.f"
"1359","FIBK.f"
"1360","AXL.f"
"1361","SJW.f"
"1362","HOS.f"
"1363","GLOG.f"
"1364","CKEC.f"
"1365","HIL.f"
"1366","NPTN.f"
"1367","HA.f"
"1368","SIFI.f"
"1369","BETR.f"
"1370","RGR.f"
"1371","SHOR.f"
"1372","SDRL.f"
"1373","PKOH.f"
"1374","XHR.f"
"1375","TRC.f"
"1376","HASI.f"
"1377","DXPE.f"
"1378","CIA.f"
"1379","FBNK.f"
"1380","ACAT.f"
"1381","BKS.f"
"1382","CLDX.f"
"1383","FCB.f"
"1384","BEL.f"
"1385","TTWO.f"
"1386","FNWB.f"
"1387","PSTB.f"
"1388","HLS.f"
"1389","AVHI.f"
"1390","SYUT.f"
"1391","ABG.f"
"1392","MDSO.f"
"1393","XNCR.f"
"1394","NEOS.f"
"1395","BOJA.f"
"1396","CSLT.f"
"1397","ENTL.f"
"1398","IPHI.f"
"1399","CYTK.f"
"1400","ZOES.f"
"1401","SPXC.f"
"1402","IPAR.f"
"1403","IMH.f"
"1404","GLUU.f"
"1405","FNSR.f"
"1406","SPKE.f"
"1407","ALE.f"
"1408","TLYS.f"
"1409","ARGS.f"
"1410","HBCP.f"
"1411","KOPN.f"
"1412","DMTX.f"
"1413","PNM.f"
"1414","NGVT.f"
"1415","DWSN.f"
"1416","ZAGG.f"
"1417","QADA.f"
"1418","WFD.f"
"1419","XONE.f"
"1420","IDA.f"
"1421","RXN.f"
"1422","USCR.f"
"1423","ALJJ.f"
"1424","DX.f"
"1425","CCNE.f"
"1426","ULH.f"
"1427","WTFC.f"
"1428","FIVN.f"
"1429","NGS.f"
"1430","NHC.f"
"1431","MOBL.f"
"1432","TRXC.f"
"1433","SRDX.f"
"1434","WOR.f"
"1435","PNFP.f"
"1436","CYTR.f"
"1437","SCLN.f"
"1438","SNAK.f"
"1439","SITE.f"
"1440","ISCA.f"
"1441","ASC.f"
"1442","BCC.f"
"1443","RUN.f"
"1444","ROG.f"
"1445","BH.f"
"1446","PRTK.f"
"1447","TSRA.f"
"1448","CPF.f"
"1449","CSWI.f"
"1450","CETV.f"
"1451","CIO.f"
"1452","SCVL.f"
"1453","CIEN.f"
"1454","STRP.f"
"1455","HZO.f"
"1456","OXM.f"
"1457","BMTC.f"
"1458","ELY.f"
"1459","HTH.f"
"1460","SPNS.f"
"1461","RM.f"
"1462","QUAD.f"
"1463","KMPR.f"
"1464","MLHR.f"
"1465","PLCM.f"
"1466","TOWR.f"
"1467","PVBC.f"
"1468","RSYS.f"
"1469","MRC.f"
"1470","BELFB.f"
"1471","PRK.f"
"1472","IMAX.f"
"1473","BOX.f"
"1474","ENOC.f"
"1475","SFST.f"
"1476","MTGE.f"
"1477","CDTX.f"
"1478","TREE.f"
"1479","LNN.f"
"1480","GERN.f"
"1481","TNGO.f"
"1482","SFE.f"
"1483","AEIS.f"
"1484","AMC.f"
"1485","ABCD.f"
"1486","ECR.f"
"1487","DOOR.f"
"1488","HCHC.f"
"1489","ARIA.f"
"1490","BLMN.f"
"1491","CVT.f"
"1492","DFT.f"
"1493","PEBO.f"
"1494","GMS.f"
"1495","GNC.f"
"1496","GABC.f"
"1497","MTZ.f"
"1498","ERII.f"
"1499","BLX.f"
"1500","CRMT.f"
"1501","RT.f"
"1502","RSE.f"
"1503","HNH.f"
"1504","BFIN.f"
"1505","FF.f"
"1506","LKFN.f"
"1507","LGIH.f"
"1508","DDD.f"
"1509","TPH.f"
"1510","SREV.f"
"1511","PSB.f"
"1512","SCSS.f"
"1513","ENVA.f"
"1514","NYMT.f"
"1515","PFSI.f"
"1516","SFL.f"
"1517","KRG.f"
"1518","TWOU.f"
"1519","BV.f"
"1520","PRTY.f"
"1521","GSBC.f"
"1522","TSRO.f"
"1523","GAIA.f"
"1524","NSIT.f"
"1525","WSFS.f"
"1526","TMH.f"
"1527","ACIW.f"
"1528","POR.f"
"1529","APOL.f"
"1530","NXTM.f"
"1531","AVX.f"
"1532","PCCC.f"
"1533","EGP.f"
"1534","JOUT.f"
"1535","NNBR.f"
"1536","IRIX.f"
"1537","SCL.f"
"1538","MSGN.f"
"1539","ADC.f"
"1540","CZR.f"
"1541","CTRE.f"
"1542","MKSI.f"
"1543","MNTA.f"
"1544","PRLB.f"
"1545","CBRL.f"
"1546","MRCY.f"
"1547","GUID.f"
"1548","IILG.f"
"1549","SYX.f"
"1550","PCRX.f"
"1551","EXTN.f"
"1552","CLCT.f"
"1553","CHFN.f"
"1554","SFS.f"
"1555","SGC.f"
"1556","TNAV.f"
"1557","KLXI.f"
"1558","MRTN.f"
"1559","AAC.f"
"1560","ADMS.f"
"1561","NILE.f"
"1562","FIZZ.f"
"1563","FINL.f"
"1564","TGH.f"
"1565","PIR.f"
"1566","ALRM.f"
"1567","SR.f"
"1568","SILC.f"
"1569","SCS.f"
"1570","LXRX.f"
"1571","PLKI.f"
"1572","CTRL.f"
"1573","CUB.f"
"1574","UBSH.f"
"1575","MPWR.f"
"1576","PFSW.f"
"1577","TACO.f"
"1578","TUMI.f"
"1579","PLUG.f"
"1580","ANH.f"
"1581","VGR.f"
"1582","NYT.f"
"1583","NSM.f"
"1584","VSAT.f"
"1585","INCR.f"
"1586","INDB.f"
"1587","FPRX.f"
"1588","DAR.f"
"1589","SHEN.f"
"1590","TAST.f"
"1591","FMER.f"
"1592","SCWX.f"
"1593","NVEC.f"
"1594","IIIN.f"
"1595","WHG.f"
"1596","RRTS.f"
"1597","AOSL.f"
"1598","STAG.f"
"1599","SMCI.f"
"1600","MESG.f"
"1601","TNET.f"
"1602","AJX.f"
"1603","GK.f"
"1604","SYRG.f"
"1605","DAKT.f"
"1606","IMPR.f"
"1607","VRNT.f"
"1608","ANIP.f"
"1609","BWINB.f"
"1610","COB.f"
"1611","RPTP.f"
"1612","PZN.f"
"1613","UAM.f"
"1614","WRE.f"
"1615","KAMN.f"
"1616","NYNY.f"
"1617","HALL.f"
"1618","VHI.f"
"1619","GENC.f"
"1620","AGX.f"
"1621","AHH.f"
"1622","LGND.f"
"1623","DK.f"
"1624","CMRE.f"
"1625","IMMR.f"
"1626","EVC.f"
"1627","AAWW.f"
"1628","EFSC.f"
"1629","ONB.f"
"1630","RGS.f"
"1631","SONA.f"
"1632","IDCC.f"
"1633","SHOS.f"
"1634","VECO.f"
"1635","OZRK.f"
"1636","CZNC.f"
"1637","NEFF.f"
"1638","EGRX.f"
"1639","EYES.f"
"1640","BLD.f"
"1641","MITK.f"
"1642","CVCO.f"
"1643","OPY.f"
"1644","ARWR.f"
"1645","NTK.f"
"1646","ZIXI.f"
"1647","OTTR.f"
"1648","GOV.f"
"1649","QTS.f"
"1650","MDLY.f"
"1651","NVRO.f"
"1652","FWRD.f"
"1653","AGII.f"
"1654","BANF.f"
"1655","GBX.f"
"1656","FBRC.f"
"1657","FCBC.f"
"1658","KBAL.f"
"1659","CLI.f"
"1660","NUVA.f"
"1661","CASS.f"
"1662","TDOC.f"
"1663","AIMC.f"
"1664","BID.f"
"1665","DEPO.f"
"1666","RECN.f"
"1667","NP.f"
"1668","HI.f"
"1669","ADRO.f"
"1670","AEO.f"
"1671","CUDA.f"
"1672","BMCH.f"
"1673","MSCC.f"
"1674","NCBS.f"
"1675","GSM.f"
"1676","CVG.f"
"1677","SALE.f"
"1678","RAS.f"
"1679","SLAB.f"
"1680","TRK.f"
"1681","NHTC.f"
"1682","AMTG.f"
"1683","EVER.f"
"1684","SUM.f"
"1685","LOPE.f"
"1686","LPX.f"
"1687","MBVT.f"
"1688","MCFT.f"
"1689","AVD.f"
"1690","SHO.f"
"1691","DY.f"
"1692","DIN.f"
"1693","BLOX.f"
"1694","PAHC.f"
"1695","CBPX.f"
"1696","GCO.f"
"1697","CFI.f"
"1698","ITG.f"
"1699","SXT.f"
"1700","USNA.f"
"1701","BNFT.f"
"1702","GCAP.f"
"1703","LBAI.f"
"1704","EXLS.f"
"1705","ASEI.f"
"1706","TTNP.f"
"1707","IRET.f"
"1708","TIME.f"
"1709","ONDK.f"
"1710","WING.f"
"1711","TRR.f"
"1712","NKTR.f"
"1713","FPO.f"
"1714","FIX.f"
"1715","RMAX.f"
"1716","WMC.f"
"1717","ATEN.f"
"1718","ORRF.f"
"1719","STFC.f"
"1720","KW.f"
"1721","AAON.f"
"1722","ADVM.f"
"1723","RLH.f"
"1724","IRBT.f"
"1725","GPT.f"
"1726","EPAY.f"
"1727","FXCB.f"
"1728","UFI.f"
"1729","ACRX.f"
"1730","CLW.f"
"1731","PHIIK.f"
"1732","QLIK.f"
"1733","TPB.f"
"1734","NAT.f"
"1735","ESCA.f"
"1736","FOXF.f"
"1737","NAME.f"
"1738","BPI.f"
"1739","VNCE.f"
"1740","SSD.f"
"1741","SNBC.f"
"1742","AYR.f"
"1743","PEN.f"
"1744","LDRH.f"
"1745","AMD.f"
"1746","LADR.f"
"1747","UNTD.f"
"1748","KRA.f"
"1749","HW.f"
"1750","FNHC.f"
"1751","EIGR.f"
"1752","ZIOP.f"
"1753","GMT.f"
"1754","XPO.f"
"1755","CTMX.f"
"1756","RNET.f"
"1757","PDLI.f"
"1758","SGMS.f"
"1759","OSUR.f"
"1760","MOD.f"
"1761","NVIV.f"
"1762","UBNT.f"
"1763","OMAM.f"
"1764","POL.f"
"1765","BMI.f"
"1766","CARA.f"
"1767","ETH.f"
"1768","ORN.f"
"1769","VTAE.f"
"1770","HNI.f"
"1771","ALDR.f"
"1772","AIT.f"
"1773","WIRE.f"
"1774","MHLD.f"
"1775","REX.f"
"1776","CSU.f"
"1777","HSKA.f"
"1778","ESIO.f"
"1779","CMN.f"
"1780","CWEI.f"
"1781","OMED.f"
"1782","HOFT.f"
"1783","CSGS.f"
"1784","INN.f"
"1785","STBZ.f"
"1786","LHO.f"
"1787","QCRH.f"
"1788","TXMD.f"
"1789","EXAC.f"
"1790","LHCG.f"
"1791","BW.f"
"1792","HWKN.f"
"1793","GSAT.f"
"1794","ARII.f"
"1795","FNBC.f"
"1796","ARCB.f"
"1797","HELE.f"
"1798","JNS.f"
"1799","UCP.f"
"1800","TLGT.f"
"1801","IBKC.f"
"1802","WAC.f"
"1803","VBTX.f"
"1804","PFIS.f"
"1805","OLN.f"
"1806","FN.f"
"1807","OFG.f"
"1808","KNX.f"
"1809","ADPT.f"
"1810","CRD.B.f"
"1811","BUSE.f"
"1812","FORM.f"
"1813","PMC.f"
"1814","ATI.f"
"1815","ALOG.f"
"1816","PFGC.f"
"1817","HRG.f"
"1818","KRO.f"
"1819","AROW.f"
"1820","BSRR.f"
"1821","GTY.f"
"1822","BSET.f"
"1823","RXDX.f"
"1824","TMP.f"
"1825","CLMS.f"
"1826","TGI.f"
"1827","CARO.f"
"1828","PJC.f"
"1829","OSIR.f"
"1830","ETSY.f"
"1831","SPPI.f"
"1832","CHCO.f"
"1833","OME.f"
"1834","STAA.f"
"1835","RST.f"
"1836","PPBI.f"
"1837","UTL.f"
"1838","MANT.f"
"1839","DHIL.f"
"1840","FCPT.f"
"1841","VRTU.f"
"1842","CTS.f"
"1843","NOVT.f"
"1844","HIFR.f"
"1845","NCI.f"
"1846","FLXS.f"
"1847","IBTX.f"
"1848","HRTX.f"
"1849","AMSC.f"
"1850","CHE.f"
"1851","MLR.f"
"1852","UBSI.f"
"1853","OMER.f"
"1854","MCRN.f"
"1855","IVC.f"
"1856","BATRA.f"
"1857","MFSF.f"
"1858","PGC.f"
"1859","PFS.f"
"1860","CNBKA.f"
"1861","FRME.f"
"1862","ORIT.f"
"1863","VHC.f"
"1864","HTLD.f"
"1865","RPT.f"
"1866","OCN.f"
"1867","DVAX.f"
"1868","ESND.f"
"1869","FMSA.f"
"1870","CRC.f"
"1871","NEOG.f"
"1872","LOXO.f"
"1873","LZB.f"
"1874","AIRM.f"
"1875","SQI.f"
"1876","GPRO.f"
"1877","USLM.f"
"1878","DJCO.f"
"1879","EGHT.f"
"1880","ASPS.f"
"1881","VRA.f"
"1882","HCSG.f"
"1883","ENV.f"
"1884","NC.f"
"1885","GLOB.f"
"1886","VEC.f"
"1887","DRH.f"
"1888","NWE.f"
"1889","AE.f"
"1890","DLA.f"
"1891","VDSI.f"
"1892","RMTI.f"
"1893","CNS.f"
"1894","MMI.f"
"1895","CAVM.f"
"1896","UMBF.f"
"1897","CHMT.f"
"1898","COLB.f"
"1899","ATW.f"
"1900","WCIC.f"
"1901","HCCI.f"
"1902","BFAM.f"
"1903","SHLM.f"
"1904","WMGI.f"
"1905","NWBI.f"
"1906","CLC.f"
"1907","FSB.f"
"1908","ENTG.f"
"1909","USMD.f"
"1910","FET.f"
"1911","COHR.f"
"1912","BBG.f"
"1913","SEB.f"
"1914","MORE.f"
"1915","MBFI.f"
"1916","DECK.f"
"1917","MKTO.f"
"1918","CTLT.f"
"1919","MTG.f"
"1920","BXS.f"
"1921","CHS.f"
"1922","FOR.f"
"1923",".getSymbols"
"1924","CBL.f"
"1925","LLNW.f"
"1926","TDW.f"
"1927","MGI.f"
"1928","SPTN.f"
"1929","ECOL.f"
"1930","PTCT.f"
"1931","SFBS.f"
"1932","AHP.f"
"1933","MASI.f"
"1934","PATK.f"
"1935","CCMP.f"
"1936","CYH.f"
"1937","YCB.f"
"1938","TBRA.f"
"1939","DHX.f"
